feature,coefficient,abs_coefficient
radius_worst,0.5081060886340393,0.5081060886340393
area_worst,-0.3233016497620735,0.3233016497620735
compactness_mean,-0.14651911020838512,0.14651911020838512
concave points_mean,0.13730767685725964,0.13730767685725964
radius_se,0.13272539797744554,0.13272539797744554
concavity_worst,0.103027358652516,0.103027358652516
